{
  "version": 1,
  "author": "Anonymous maker",
  "editor": "wokwi",
  "parts": [
    { "type": "wokwi-arduino-uno", "id": "uno", "top": 18.66, "left": 162.66, "attrs": {} },
    { "type": "wokwi-hc-sr04", "id": "ultrasonic1", "top": 70.03, "left": -62.63, "attrs": {} },
    {
      "type": "wokwi-buzzer",
      "id": "bz1",
      "top": -167.21,
      "left": 228.62,
      "attrs": { "volume": "0.1" }
    }
  ],
  "connections": [
    [ "uno:2", "ultrasonic1:TRIG", "green", [ "v81.36", "h-260.01", "v78.68", "h-120.53" ] ],
    [ "uno:3", "ultrasonic1:ECHO", "green", [ "v65.45", "h-267.25", "v86.21", "h-93.75" ] ],
    [ "uno:GND.3", "ultrasonic1:GND", "black", [ "v9.35", "h-302.96" ] ],
    [ "uno:5V", "ultrasonic1:VCC", "red", [ "v26.09", "h-315.76" ] ],
    [ "uno:GND.1", "bz1:1", "black", [ "v-63.68", "h-14.94" ] ],
    [ "uno:10", "bz1:2", "green", [ "v-90.62", "h-47.08" ] ]
  ],
  "dependencies": {}
}