{
  "version": 1,
  "author": "Anonymous maker",
  "editor": "wokwi",
  "parts": [
    { "type": "wokwi-arduino-uno", "id": "uno", "top": 24.06, "left": 213.83, "attrs": {} },
    {
      "type": "wokwi-led",
      "id": "led1",
      "top": -99.6,
      "left": -130.6,
      "attrs": { "color": "red" }
    },
    {
      "type": "wokwi-buzzer",
      "id": "bz1",
      "top": -108.75,
      "left": 86.37,
      "attrs": { "volume": "0.1" }
    },
    {
      "type": "wokwi-ntc-temperature-sensor",
      "id": "ntc1",
      "top": -129.93,
      "left": 230.09,
      "attrs": {}
    },
    {
      "type": "wokwi-pir-motion-sensor",
      "id": "pir1",
      "top": -132.98,
      "left": 461.89,
      "attrs": {}
    },
    {
      "type": "wokwi-led",
      "id": "led2",
      "top": 68.46,
      "left": 94.25,
      "attrs": { "color": "red" }
    }
  ],
  "connections": [
    [ "ntc1:VCC", "uno:A0", "red", [ "h29.3", "v99", "h159.1", "v247.48", "h-124.72" ] ],
    [ "pir1:VCC", "uno:A1", "red", [ "v23.26", "h143.81", "v345.69", "h-211.15" ] ],
    [ "led2:A", "uno:13", "green", [ "v102.61", "h76.76", "v-225.88", "h149.28" ] ],
    [ "led2:C", "uno:GND.1", "green", [ "v-100.68", "h222.29" ] ],
    [ "bz1:2", "uno:12", "green", [ "v-12.61", "h206.21" ] ],
    [ "bz1:1", "uno:GND.2", "green", [ "v2.12", "h-53.87", "v339.8", "h24.55" ] ]
  ],
  "dependencies": {}
}