{
  "version": 1,
  "author": "Anonymous maker",
  "editor": "wokwi",
  "parts": [
    { "type": "wokwi-arduino-mega", "id": "mega", "top": 0, "left": 0, "attrs": {} },
    {
      "type": "wokwi-resistor",
      "id": "r1",
      "top": -50.47,
      "left": 195.18,
      "rotate": 90,
      "attrs": { "value": "1000" }
    },
    {
      "type": "wokwi-led",
      "id": "led1",
      "top": -152.35,
      "left": 170.65,
      "attrs": { "color": "red" }
    },
    {
      "type": "wokwi-led",
      "id": "led2",
      "top": -152.51,
      "left": 195.35,
      "attrs": { "color": "red" }
    },
    {
      "type": "wokwi-led",
      "id": "led3",
      "top": -153.03,
      "left": 219.3,
      "attrs": { "color": "red" }
    },
    {
      "type": "wokwi-resistor",
      "id": "r2",
      "top": -49.91,
      "left": 173.85,
      "rotate": 90,
      "attrs": { "value": "1000" }
    },
    {
      "type": "wokwi-resistor",
      "id": "r3",
      "top": -54.07,
      "left": 217.58,
      "rotate": 90,
      "attrs": { "value": "1000" }
    },
    {
      "type": "wokwi-buzzer",
      "id": "bz1",
      "top": -152.47,
      "left": 262.08,
      "attrs": { "volume": "0.1" }
    }
  ],
  "connections": [
    [ "led1:C", "mega:GND.1", "green", [ "v25.32", "h-36.29" ] ],
    [ "led2:C", "mega:GND.1", "green", [ "v28.6", "h-76.08" ] ],
    [ "led3:C", "mega:GND.1", "green", [ "v28.6", "h-114.1" ] ],
    [ "r2:1", "led1:A", "green", [ "h0" ] ],
    [ "led2:A", "r1:1", "green", [ "v0" ] ],
    [ "r3:1", "led3:A", "green", [ "h0" ] ],
    [ "bz1:1", "mega:GND.1", "green", [ "v0.1", "h-169.92" ] ],
    [ "mega:3", "r3:2", "green", [ "v-15.1", "h14.17" ] ],
    [ "mega:4", "r1:2", "green", [ "v0" ] ],
    [ "mega:5", "r2:2", "green", [ "v0" ] ],
    [ "mega:2", "bz1:2", "green", [ "v-22.43", "h60.67" ] ]
  ],
  "dependencies": {}
}